{
"user": "user_0",
"modelUserData_0": [
		[ 0.9682560656523466, 2.7473925185238794e-05, 0.002576926935340204, 0.016538625359936547, 0.006454494332011531, 0.003251581690549972, 0.0028948321046299392 ],
		[ 0.012793467477196598, 0.22072215182730476, 0.031413446156029035, 0.2510455888828267, 0.20467630501924206, 0.09097167297975987, 0.18837736765764096 ],
		[ 0.008336552356811423, 0.31259834472599607, 0.024725830193733127, 0.15984440871462735, 0.4351443983295461, 0.005230412968736765, 0.054120052710549274 ],
		[ 0.0004060982051222003, 0.257748456922259, 0.032981396892564754, 0.08978483479790518, 0.23693796985333765, 0.1259803713946799, 0.2561608719341313 ],
		[ 0.01000450068014726, 0.021126379005687375, 0.7069704338476093, 0.16531312744055626, 0.06527072981977665, 0.02367345067654295, 0.007641378529680259 ],
		[ 4.39132578582564e-05, 0.14476256737751023, 0.15949894952572988, 0.08779337261827869, 0.02171680771625357, 0.22301891055418124, 0.36316547895018814 ],
		[ 0.0001594023705176981, 0.04301462621605742, 0.041833016448993815, 0.2296800421858693, 0.02979929492983247, 0.5278735997355495, 0.12764001811318015 ]
	],
"modelUserData_1": [
		[ 0.19743512978452826, 0.7747842274973353, 0.009661476848961448, 0.004822647707346921, 0.008910969799241834, 0.00013594429115185828, 0.0005470817134160381, 0.0021349186442587865, 0.0015676037137595205 ],
		[ 0.19097493561729412, 0.09869527645640286, 0.5983458685413241, 0.023512851203635173, 0.04803270411153155, 0.018010155147807044, 0.006170355968198354, 0.010820103467074522, 0.005437749486732344 ],
		[ 0.29799897188718694, 0.003671978032419102, 0.3151695729681254, 0.09954031288001963, 0.1920060740226858, 0.01730097981465755, 0.04851076761793018, 0.020766005313292688, 0.005035337463682642 ],
		[ 0.01695914996887942, 0.07615903767781235, 0.03851577865725971, 0.20676967711371308, 0.09907284694483384, 0.17576316849134518, 0.1557939441041286, 0.10454965787741904, 0.12641673916460866 ],
		[ 0.2838223847515092, 0.035513907320937635, 0.02416451329998184, 0.4017654023997795, 0.1178477440114291, 0.07189073218240591, 0.03819032498597467, 0.015478997367579309, 0.011325993680402859 ],
		[ 0.006736101057993437, 0.009276903743488267, 0.003881390297868216, 0.018144052120802504, 0.4009591778203391, 0.07502410613824878, 0.03917626593717046, 0.03214180270847901, 0.41466020017561034 ],
		[ 0.0053522711844097995, 0.0018753627916587251, 0.0028232255344157933, 0.018262292003727566, 0.030775121095402556, 0.12784064623727023, 0.5944730320742576, 0.08028825024687808, 0.13830979883197964 ],
		[ 0.00028631905794782156, 7.523723757683423e-06, 0.006302273837699556, 0.15444178956388555, 0.02144194623099719, 0.2817984166686784, 0.02734197995758686, 0.3571927942789771, 0.15118695668046989 ],
		[ 0.00043473669025102677, 1.5782756188051272e-05, 0.0011359000143639011, 0.07274097500709001, 0.080953415963539, 0.2322358510284352, 0.08979624764133726, 0.3766274700960416, 0.14605962080275398 ]
	],
"modelUserData_2": [
		[ 0.894730885693913, 0.045092071855916314, 0.02879472404757302, 0.029936389827920986, 0.0006754953068900631, 0.0004191781243787477, 0.0003512551434078592 ],
		[ 0.009828096661195856, 0.42953329126928314, 0.24192457697076986, 0.06986125799512713, 0.018241908216903878, 0.18826830092039892, 0.04234256796632124 ],
		[ 0.028741357915695914, 0.3161051695316871, 0.15881071426016302, 0.24388980832418466, 0.008244783182218246, 0.11346088770537989, 0.13074727908067119 ],
		[ 0.0015208117966594601, 0.012919456672038044, 0.47914284118264094, 0.40773980349258304, 0.017497277390165367, 0.041904474841412756, 0.03927533462450039 ],
		[ 0.03680323425456548, 0.08699171237292073, 0.006528430782902136, 0.2337130482982715, 0.5321335480150982, 0.03557115573120362, 0.06825887054503854 ],
		[ 0.022361503469898306, 0.10374054807444874, 0.04969740450218177, 0.006228668576426138, 0.013974214904504805, 0.5183603894497276, 0.28563727102281267 ],
		[ 0.0060141102080719724, 0.00561775022370585, 0.03510130825376928, 0.008631023485486593, 0.40923277298421956, 0.10201561322749841, 0.4333874216172481 ]
	],
"modelUserData_3": [
		[ 0.7519444339300984, 0.10884931264940631, 0.08149098487887256, 0.036727628840860345, 0.011229614579851119, 0.002527609767279275, 0.0015105065993165079, 0.0011019769107514005, 0.004617931843564127 ],
		[ 0.18746225675315073, 0.3049408969465565, 0.027445719490548533, 0.4275233272788816, 0.03433475856432039, 0.0027393290535677023, 0.0034874890357701207, 0.004531497626435645, 0.007534725250768693 ],
		[ 0.0073261317448353345, 0.5129440235496012, 0.4567382150931055, 0.01953381312426977, 0.002067592401831305, 0.0011701955513134334, 0.00015383720700196506, 4.823907831905819e-05, 1.795224972240096e-05 ],
		[ 0.03779236699201627, 0.022541412824629962, 0.3244849927266748, 0.43964015932148487, 0.138169174658, 0.019077617976282702, 0.005873216631356685, 0.00553704791885433, 0.006884010950700444 ],
		[ 0.0020998441293545683, 0.02621791528306592, 0.006589248994900175, 0.01916186894756233, 0.8033167262830085, 0.1244666430046065, 0.01215828740524782, 0.0035638896907342027, 0.0024255762615198553 ],
		[ 0.00697733598018965, 0.015132514721436901, 0.016803819237141873, 0.02342563881845176, 0.0008267804438454693, 0.6191354651409382, 0.21537178826407546, 0.07024256677788691, 0.03208409061603372 ],
		[ 0.0012943413258480858, 0.006245331270595803, 0.033095215628292346, 0.01567458562490262, 0.008429401585714655, 0.0677413253213625, 0.2866443023468588, 0.17162258842404907, 0.40925290847237616 ],
		[ 0.000894794511531075, 0.0009302011595012091, 0.048022437476849714, 0.00790977231961252, 0.0003839500533885535, 0.0026049901710226324, 0.22040349913219923, 0.3611613003742246, 0.3576890548016704 ],
		[ 0.004208494632975935, 0.002198391595206074, 0.005329366473614511, 0.010403205723974303, 0.0012420014300400445, 0.16053682401362698, 0.2543970733781734, 0.3821908931987447, 0.1794937495536441 ]
	],
"modelUserData_4": [
		[ 0.6580232204099319, 0.19185630526228717, 0.05737029292740794, 0.092750181400373 ],
		[ 0.22649689255119626, 0.3322423052437009, 0.12025498122359086, 0.3210058209815119 ],
		[ 4.575834087424771e-05, 0.16509181389315802, 0.23029487486687822, 0.6045675528990895 ],
		[ 0.1154341286979976, 0.3108095756008539, 0.592079850982123, -0.018323555280974402 ]
	],