{
"user": "user_1",
"modelUserData_0": [
		[ 0.48483406006428886, 0.12522413090145665, 0.17450814901695783, 0.17503179499554, 0.01694346786348913, 0.015675224702923308, 0.007783172455344194 ],
		[ 0.36754323347701, 0.07112105775690206, 0.27487428365369776, 0.09564173894718156, 0.016506188926356115, 0.158908284603028, 0.015405212635824533 ],
		[ 0.07830083995029358, 0.13174120171577733, 0.503610565984546, 0.16494886432631506, 0.11911070582023735, 0.0010112358467594994, 0.001276586356071206 ],
		[ 0.011542640931852137, 0.30620204701005754, 0.027134150562481696, 0.15588816213370674, 0.4743356027139574, 0.02279702302818539, 0.002100373619759101 ],
		[ 0.01747645585295389, 0.15826649499262396, 0.011674744816486329, 0.2370325876953721, 0.24735629201594317, 0.18049110341761423, 0.1477023212090062 ],
		[ 0.02385753747841435, 0.14900943211786294, 0.004351695024172996, 0.001719474818561626, 0.09952262168055458, 0.24246259241390242, 0.47907664646653114 ],
		[ 0.01644523224518717, 0.05843563550531955, 0.003846410941657495, 0.16973737708332295, 0.026225120979462294, 0.37865453598758714, 0.34665568725746365 ]
	],
"modelUserData_1": [
		[ 0.06711877440587133, 0.8560624843158873, 0.028448474233734214, 0.024280649223822556, 0.016619162909363216, 0.007470454911321412 ],
		[ 0.36046413958351403, 0.12993936249395507, 0.05184897559208926, 0.03393762300254726, 0.2760637698023485, 0.14774612952554594 ],
		[ 0.2532305306102221, 0.005662196652097649, 0.03068894503695361, 0.02637825539834881, 0.43222496970389646, 0.2518151025984814 ],
		[ 0.15444706545162795, 0.0013477179602208915, 0.09616660098075831, 0.10214027802430194, 0.07230452478893047, 0.5735938127941604 ],
		[ 0.057551255072373915, 0.005329689958524904, 0.4130287161638687, 0.49466291565192416, 0.004872089566573338, 0.02455533358673498 ],
		[ 0.10718823487639062, 0.0016585486193142094, 0.37981828799259587, 0.31860027869905533, 0.197915483228888, -0.005180833416244174 ]
	],
"modelUserData_2": [
		[ 0.8952301989732996, 0.0803470612334063, 0.009022574690171804, 0.015400165103122306 ],
		[ 0.013580538633172127, 0.47208087246419067, 0.14105774706801785, 0.3732808418346194 ],
		[ 0.07229360388029146, 0.1446544778245521, 0.18776428927695363, 0.5952876290182028 ],
		[ 0.018895658513236824, 0.30291758847785094, 0.6621553889648567, 0.016031364044055585 ]
	],
"modelUserData_3": [
		[ 0.6343293205248324, 0.22116980453308072, 0.10433435907418165, 0.01028565524807289, 0.02770466953752045, 0.002176191082311922 ],
		[ 0.16035076936787918, 0.5422494448433504, 0.22571105918799358, 0.04353976470197843, 0.014795935047913985, 0.013353026850884468 ],
		[ 0.013727070589684557, 0.08087807345155322, 0.19151441871005015, 0.533041743167458, 0.10119357438881987, 0.07964511969243421 ],
		[ 0.16892118178390947, 0.08165815898944848, 0.049114529495810424, 0.18988053653099488, 0.3362666109333322, 0.1741589822665045 ],
		[ 0.01808682804956598, 0.024332433186608136, 0.17856084578193332, 0.18765008470800337, 0.46737670462290226, 0.12399310365098692 ],
		[ 0.0045848296841284435, 0.04971208499595903, 0.25076478775003086, 0.035602215643492446, 0.052662505469511234, 0.6066735764568779 ]
	],
"modelUserData_4": [
		[ 0.35751747907680387, 0.46546894027052016, 0.09592472066703715, 0.036912773161102634, 0.009962217718689171, 0.011784702489107806, 0.009237995847230285, 0.013191170769508924 ],
		[ 0.26539837794573573, 0.2558892945375462, 0.3750167405481195, 0.03107069951034467, 0.04622698803975842, 0.011568717063578121, 0.01175441970590436, 0.0030747626490129753 ],
		[ 0.19616836322983341, 0.15594906775286616, 0.18901257626442666, 0.2672038780487195, 0.17834670511855139, 0.004871720667448178, 0.003372285775680102, 0.005075403142474624 ],
		[ 0.17345147485919596, 0.04004459790125908, 0.04732850202045893, 0.4371726632562358, 0.0425244937981829, 0.05598187270044226, 0.005196342852171684, 0.1983000526120533 ],
		[ 0.0026288165372732797, 0.04567329746578918, 0.23780231380780034, 0.026941445706250323, 0.11139684628083367, 0.0277825139899752, 0.5261922466387888, 0.02158251957328905 ],
		[ 0.001286939388627434, 0.013341279196277842, 0.044564215497629504, 0.08014400100175735, 0.2650277791814985, 0.48843491278474344, 0.08661834307152659, 0.020582529877939362 ],
		[ 0.002178324932583584, 0.014214723196748507, 0.0018026052530100876, 0.04945694797048529, 0.04007955049675747, 0.3902402275376212, 0.09138631705398216, 0.41064130355881157 ],
		[ 0.0013702240299467306, 0.00941879967899291, 0.008548325941517793, 0.0710975913451044, 0.3064354193657283, 0.009335332767083704, 0.26624204905471605, 0.3275522578169101 ]
	],
"modelUserData_5": [
		[ 0.30221442065874726, 0.6303600526534284, 0.005998687376654062, 0.061426839311170246 ],
		[ 0.14052663674948573, 0.22809362913800663, 0.3068274133629326, 0.32455232074957496 ],
		[ 0.32434600763737853, 0.1180215590363201, 0.26592094929055815, 0.29171148403574326 ],
		[ 0.23291293495438847, 0.02352475917224485, 0.42125294996985513, 0.32230935590351156 ]
	],
"modelUserData_6": [
		[ 0.5279211757897737, 0.25982912592183255, 0.10853855535141117, 0.08872674874219622, 0.008285524673328997, 8.37199441503832e-05, 0.0021991326643554065, 6.500218283258745e-05, 0.004351014730118978 ],
		[ 0.2759369317849083, 0.19818200051719037, 0.5247381807842328, 0.00021108825165021576, 0.0007607265113934983, 9.285965837448821e-05, 4.9777410516386646e-05, 1.1136907330545101e-05, 1.7298174403349834e-05 ],
		[ 0.17257878716665784, 0.3410465485972534, 0.16646841473535573, 0.18065974031461748, 0.10526014168034983, 0.01673307498316842, 0.016552623061401914, 0.000608755352737387, 9.191410845794934e-05 ],
		[ 0.010543115964912992, 0.08825541983512415, 0.132014400662064, 0.17381337738192587, 0.37924181857209394, 0.10894810641766461, 0.013289368027713107, 0.011950564353183021, 0.08194382878531818 ],
		[ 0.010499343883195312, 0.07603385281318746, 0.044309031450258246, 0.13378712957129565, 0.09336812463685056, 0.5238302992490029, 0.061890094850568754, 0.012884089979033796, 0.0433980335666074 ],
		[ 0.0023688891166992916, 0.02609380616279503, 0.02151576502509005, 0.25599705173087156, 0.24666879045929554, 0.324278945830087, 0.09484835910637797, 0.015830622221180677, 0.012397770347602876 ],
		[ 0.00010878560275660984, 0.006874790857770258, 1.6997418648800336e-05, 0.0587038072254476, 0.05912456893276144, 0.01148790086798385, 0.5190470825532504, 0.29916816154176346, 0.04546790499961767 ],
		[ 3.535661444937772e-05, 0.0002637172253876509, 0.0005663587198161774, 0.06714156372581478, 0.06982640794084516, 0.008863127266412236, 0.06293589349210181, 0.3180829690769146, 0.47228460593825816 ],
		[ 7.614076646566994e-06, 0.003420738069459053, 0.0018322958531229463, 0.04095949305618066, 0.03746389659308108, 0.005681965783156119, 0.22918766883371422, 0.341398698385024, 0.3400476293496153 ]
	],