{
"user": "user_1",
"modelUserData_0": [
		[ 0.6967446032905836, 0.22490590128707444, 0.07656812881443904, 0.0017813666079028873 ],
		[ 0.12877461375927235, 0.5754203031486929, 0.24170342127890357, 0.054101661813131224 ],
		[ 0.08864453679652878, 0.07470606574419626, 0.34322192057942985, 0.4934274768798452 ],
		[ 0.08583624615361524, 0.12496772982003644, 0.3385065293272275, 0.45068949469912073 ]
	],
"modelUserData_1": [
		[ 0.5108312829030947, 0.1491612553835156, 0.30669843053426477, 0.03330903117912498 ],
		[ 0.24632046919868555, 0.45268068441024634, 0.04185530334359112, 0.259143543047477 ],
		[ 0.09023460285047799, 0.14423261449938005, 0.5858703257070371, 0.1796624569431048 ],
		[ 0.1526136450477418, 0.25392544570685804, 0.06557594041510695, 0.5278849688302932 ]
	],
"modelUserData_2": [
		[ 0.5805984459742968, 0.19799775959408, 0.18869048875814828, 0.03271330567347494 ],
		[ 0.3367374297136764, 0.002551808146691938, 0.6606530279441144, 5.773419551724501e-05 ],
		[ 0.00514948253018648, 0.12480074863383955, 0.14022607964259465, 0.7298236891933794 ],
		[ 0.07751464178184038, 0.6746496836253884, 0.01043040365514264, 0.23740527093762842 ]
	],
"activityUserData_0": [
		[ 0.5915373464622199, 0.20631692256187217, 0.17862805639090792, 0.02351767458500001 ],
		[ 0.3310550101960733, 0.01249417636929575, 0.6478688436063404, 0.008581969828290514 ],
		[ 0.01166548428920313, 0.1334750780322612, 0.1425998193650718, 0.7122596183134638 ],
		[ 0.06574215905250366, 0.6477138230365709, 0.030903280637679803, 0.25564073727324566 ]
	],
"activityUserData_1": [
		[ 0.5902468508734848, 0.21303208635225707, 0.18776354554329722, 0.008957517230960887 ],
		[ 0.33913544527881545, 0.001214672070322399, 0.6715205816564553, -0.011870699005593233 ],
		[ 0.006875336434678878, 0.11731923510529303, 0.13288112459401813, 0.7429243038660099 ],
		[ 0.06374236741302085, 0.6684340064721275, 0.007834748206229314, 0.25998887790862246 ]
	],
"activityUserData_2": [
		[ 0.5912240282303921, 0.19336631042654948, 0.19176919824699004, 0.023640463096068376 ],
		[ 0.34065280137951587, 0.004523470281037556, 0.6487107904599319, 0.006112937879514835 ],
		[ 0.000612816876348404, 0.12405812438950325, 0.13341871634818014, 0.7419103423859682 ],
		[ 0.06751035351374363, 0.6780520949029097, 0.02610129494489799, 0.2283362566384486 ]
	]
}