{
"user": "user_2",
"modelUserData_0": [
		[ 0.8705181683756039, 0.09061562274321171, 0.029933960128235893, 0.008932248752948482 ],
		[ 0.06657723931926138, 0.29516596720225796, 0.36765402429224997, 0.27060276918623066 ],
		[ 0.02715989538701206, 0.1089212076218695, 0.5299823462235843, 0.33393655076753415 ],
		[ 0.03574469691812264, 0.5052972024326609, 0.07242966935592976, 0.38652843129328673 ]
	],
"modelUserData_1": [
		[ 0.5823003685834558, 0.34389587448788367, 0.031097523035275784, 0.04270623389338475 ],
		[ 0.17491861338585954, 0.585621988099241, 0.1768607506361027, 0.06259864787879668 ],
		[ 0.01554720384679535, 0.054442924929084556, 0.12365084610383278, 0.8063590251202873 ],
		[ 0.22723381418388933, 0.01603921248379068, 0.6683908802247887, 0.08833609310753121 ]
	],
"modelUserData_2": [
		[ 0.4179762028224555, 0.44443467746698095, 0.021799172321050928, 0.1157899473895126 ],
		[ 0.5429456329653567, 0.2045810637155135, 0.2153909916463465, 0.03708231167278331 ],
		[ 0.020687447805871825, 0.12949631041398074, 0.0023703026733587, 0.8474459391067887 ],
		[ 0.01839071640631597, 0.22148794840352481, 0.7604395333592439, -0.00031819816908462695 ]
	],
"activityUserData_0": [
		[ 0.414581924804497, 0.4368284284284756, 0.014999052694940566, 0.1335905940720868 ],
		[ 0.5393663958261475, 0.20746032926251498, 0.21993869408266742, 0.033234580828670035 ],
		[ 0.018440076784447795, 0.11219699224218274, 0.006566326211186427, 0.862796604762183 ],
		[ 0.027611602584907597, 0.24351425006682667, 0.7584959270112055, -0.029621779662939773 ]
	],
"activityUserData_1": [
		[ 0.40538081437861284, 0.4507231554767488, 0.014886102974890644, 0.1290099271697477 ],
		[ 0.5565173165077122, 0.18404449990533, 0.2143208333198687, 0.0451173502670891 ],
		[ 0.024605202038779434, 0.13446379671248976, 0.002857641265014297, 0.8380733599837165 ],
		[ 0.013496667074895535, 0.23076854790543144, 0.7679354224402263, -0.012200637420553218 ]
	],
"activityUserData_2": [
		[ 0.43648516688901046, 0.44378464924464645, 0.02787695074092945, 0.0918532331254137 ],
		[ 0.5391304429519855, 0.20718046757428238, 0.2160174338187176, 0.037671655655014485 ],
		[ 0.01776818112719149, 0.1260137463353922, 0.003545541879933032, 0.8526725306574833 ],
		[ 0.006616209031812575, 0.22302113684567898, 0.7525600735604199, 0.0178025805620885 ]
	]
}