{
"user": "user_3",
"modelUserData_0": [
		[ 0.1532564112615703, 0.19872805576170402, 0.23386583264154387, 0.4141497003351818 ],
		[ 0.013428148213900063, 0.2230742271938359, 0.45390697173428074, 0.30959065285798326 ],
		[ 0.23697897935322115, 0.4379369437594632, 0.26297903204099154, 0.062105044846324176 ],
		[ 0.5963364611713085, 0.14026077328499692, 0.04924816358318379, 0.21415460196051084 ]
	],
"modelUserData_1": [
		[ 0.09955010214460813, 0.7443409577196668, 0.09953586817825086, 0.056573071957474214 ],
		[ 0.37954285534802634, 0.22982098898876263, 0.1309241377396846, 0.25971201792352644 ],
		[ 0.06915459539298396, 0.009820635759474141, 0.21469375686688644, 0.7063310119806555 ],
		[ 0.45175244711438156, 0.016017417532096432, 0.5548462372151781, -0.02261610186165608 ]
	],
"modelUserData_2": [
		[ 0.2981741976664187, 0.4149006297373154, 0.2567357144277225, 0.030189458168543404 ],
		[ 0.5814281120340212, 0.15683898785863604, 0.13490875933115992, 0.12682414077618281 ],
		[ 0.07264201476047313, 0.15529170540976242, 0.11313726856047833, 0.658929011269286 ],
		[ 0.04775567553908691, 0.27296867699428606, 0.4952182576806392, 0.18405738978598785 ]
	],
"activityUserData_0": [
		[ 0.30453353912095354, 0.4084978440023448, 0.2594585458022666, 0.027510071074434983 ],
		[ 0.5652712384506312, 0.16846517931071342, 0.14199837694927592, 0.12426520528937945 ],
		[ 0.06159027277634598, 0.1382961458665938, 0.11809489236758904, 0.6820186889894712 ],
		[ 0.0686049496520692, 0.28474083082034796, 0.48044818488086843, 0.16620603464671446 ]
	],
"activityUserData_1": [
		[ 0.315164075497539, 0.41133560060415664, 0.26574751664290386, 0.007752807255400507 ],
		[ 0.579815149133274, 0.15095496453323953, 0.12512766499060438, 0.14410222134288206 ],
		[ 0.07137827374036651, 0.14951094209222948, 0.1358543769765852, 0.6432564071908188 ],
		[ 0.03364250162882046, 0.28819849277037435, 0.4732704413899066, 0.20488856421089863 ]
	],
"activityUserData_2": [
		[ 0.2973523962939854, 0.4038217580268207, 0.2532342735118965, 0.04559157216729737 ],
		[ 0.5847288893437942, 0.16597213594457974, 0.13615483121147798, 0.11314414350014809 ],
		[ 0.06671280896096053, 0.15863694987616106, 0.09671704443490226, 0.6779331967279761 ],
		[ 0.05120590540125981, 0.2715691561524386, 0.5138938508417233, 0.16333108760457837 ]
	]
}