{
"user": "user_2",
"modelUserData_0": [
		[ 0.45406866490081976, 0.1758655361538453, 0.02542807173403397, 0.34463772721130104 ],
		[ 0.07028429767698911, 0.525135058643364, 0.3447409965233707, 0.059839647156276266 ],
		[ 0.30607550108143217, 0.17998609013165257, 0.18179569416059663, 0.3321427146263186 ],
		[ 0.16957153634075894, 0.11901331507113821, 0.4480352375819988, 0.26337991100610403 ]
	],
"modelUserData_1": [
		[ 0.6223875880787487, 0.06559878205534496, 0.18214508936497303, 0.12986854050093327 ],
		[ 0.09486752717579339, 0.5964817932512285, 0.0399580229363671, 0.268692656636611 ],
		[ 0.2745380065910632, 0.06071988435297029, 0.5933684423919541, 0.07137366666401246 ],
		[ 0.008206878154394692, 0.27719954034045624, 0.18452844530670587, 0.5300651361984433 ]
	],
"modelUserData_2": [
		[ 0.8901991150133255, 0.04323437786750851, 0.06312993037691556, 0.0034365767422504523 ],
		[ 0.0046963739178260775, 0.768827550473748, 0.06804866890468113, 0.15842740670374483 ],
		[ 0.041102974922004216, 0.06899518392400074, 0.31496205993552584, 0.5749397812184692 ],
		[ 0.0640015361468442, 0.1189428877347428, 0.5538593407828776, 0.2631962353355356 ]
	],
"activityUserData_0": [
		[ 0.8804125359462379, 0.04535150904733322, 0.07697150472067409, -0.0027355497142452223 ],
		[ 0.0031523994128693344, 0.7576912006654831, 0.08145251473932785, 0.15770388518231965 ],
		[ 0.04636920040352328, 0.06455175803726655, 0.3076973336817391, 0.581381707877471 ],
		[ 0.07006586423736946, 0.13240553224991713, 0.5338786468582589, 0.26364995665445456 ]
	],
"activityUserData_1": [
		[ 0.8918798221460318, 0.047653936400293764, 0.06675285580012466, -0.006286614346450212 ],
		[ 0.0023546984715284176, 0.7585766157030054, 0.06062709851744719, 0.17844158730801896 ],
		[ 0.026774433025044793, 0.07489571567777444, 0.3269843097233824, 0.5713455415737985 ],
		[ 0.07899104635739501, 0.11887373221892637, 0.5456357359590458, 0.25649948546463275 ]
	],
"activityUserData_2": [
		[ 0.8838868194238411, 0.05649166865486438, 0.047696558796498936, 0.01192495312479562 ],
		[ 0.0058803154284674305, 0.7697626533811743, 0.06871307443673909, 0.15564395675361914 ],
		[ 0.03981274390430785, 0.0498762400572666, 0.30689563880531595, 0.6034153772331095 ],
		[ 0.07042012124338366, 0.12386943790669463, 0.576694727961446, 0.22901571288847578 ]
	]
}