{
"user": "user_0",
"modelUserData_0": [
		[ 0.45589861117265396, 0.4337982964988372, 0.044107474477763024, 0.06619561785074579 ],
		[ 0.483615241601374, 0.0293111256369434, 0.4254333201513857, 0.06164031261029701 ],
		[ 0.038617538492297473, 0.4009505347403186, 0.18787996590816294, 0.37255196085922104 ],
		[ 0.02186860873367459, 0.13594004312390084, 0.3425792394626884, 0.49961210867973616 ]
	],
"modelUserData_1": [
		[ 0.12125402484783288, 0.6822531699890816, 0.10169691269217901, 0.09479589247090653 ],
		[ 0.6539433611437753, 0.26885707381728324, 0.0447050886390615, 0.032494476399879985 ],
		[ 0.1334966518179174, 0.03300702086390441, 0.6393913262053734, 0.19410500111280482 ],
		[ 0.09130596219047446, 0.01588273532973076, 0.2142066724633861, 0.6786046300164087 ]
	],
"modelUserData_2": [
		[ 0.37471820905906317, 0.2514536640488583, 0.25699225234904405, 0.11683587454303446 ],
		[ 0.11857330787389628, 0.6400467773132236, 0.083519858001765, 0.15786005681111515 ],
		[ 0.18935265941633714, 0.08125115268676981, 0.5535740752614122, 0.17582211263548075 ],
		[ 0.31735582365070336, 0.027248405951148344, 0.1059138143877788, 0.5494819560103696 ]
	],
"activityUserData_0": [
		[ 0.3687844925590186, 0.25387221887342093, 0.2525132993456254, 0.12482998922193511 ],
		[ 0.12661108290036774, 0.6123956588295736, 0.08333730771653819, 0.17765595055352051 ],
		[ 0.20210301683324114, 0.08635784580948416, 0.5431688498369137, 0.16837028752036098 ],
		[ 0.30250140770737255, 0.04737427648752132, 0.12098054310092266, 0.5291437727041834 ]
	],
"activityUserData_1": [
		[ 0.3625135238101286, 0.2573584792234587, 0.27134453498914957, 0.10878346197726313 ],
		[ 0.11247943608866255, 0.6437725704829639, 0.09893751984191226, 0.14481047358646135 ],
		[ 0.19280931734438875, 0.09009792720804664, 0.5473002676359635, 0.16979248781160106 ],
		[ 0.33219772275682014, 0.008771023085530807, 0.08241767753297469, 0.5766135766246744 ]
	],
"activityUserData_2": [
		[ 0.3847167243267474, 0.23707816984527785, 0.26449078096618617, 0.11371432486178856 ],
		[ 0.10528963369976158, 0.6324300469110163, 0.09706097889522144, 0.1652193404940007 ],
		[ 0.187313128672098, 0.0897394170676542, 0.5591259200853745, 0.16382153417487322 ],
		[ 0.3226805133013929, 0.0407523661760516, 0.07932232005321782, 0.5572448004693376 ]
	]
}