{
"user": "user_3",
"modelUserData_0": [
		[ 0.8894965889960358, 0.0782820031045756, 0.0019788071638978787, 0.0025366386436516545, 0.01635965530939767, 0.0068882700651591655, 0.004458036717282242 ],
		[ 0.015845334924865558, 0.19695695677482639, 0.03693754935622522, 0.05725665693639113, 0.56159253599378, 0.0003283180653826528, 0.1310826479485291 ],
		[ 0.07699884960723352, 0.6821725594810393, 0.06617703574848291, 0.00950587663852497, 0.14231177495172684, 0.015640169399427955, 0.007193734173564465 ],
		[ 0.001465405407125371, 0.033166466177664916, 0.5662126928784592, 0.11808358350182369, 0.24933740940046156, 0.030099035265332683, 0.0016354073691325494 ],
		[ 0.00876635801894804, 0.00422432831838764, 0.1297280233318815, 0.04610077427066835, 0.013434387119924007, 0.6218778101380233, 0.17586831880216702 ],
		[ 0.0004128058414324455, 0.004900149677852819, 0.14503075161581366, 0.15285217814047117, 0.014807355286896034, 0.26786654216431033, 0.4141302172732236 ],
		[ 0.007014657204359274, 0.00029753646565340314, 0.05393513990523971, 0.613664291868469, 0.0021568819378138763, 0.057299854902363945, 0.26563163771610093 ]
	],
"modelUserData_1": [
		[ 0.4706609992050754, 0.16128013987772033, 0.11150298834526613, 0.014086660952865737, 0.02366545244509009, 0.0036697966881165693, 0.10489820952582847, 0.11023575296003728 ],
		[ 0.2568460051429148, 0.3623178397378108, 0.14147499222845578, 0.22693390352649126, 0.008156778827416378, 0.003012102821547412, 0.00039388654476847857, 0.0008644911705951285 ],
		[ 0.07239996190103573, 0.45232656235730156, 0.2673478839326381, 0.17269889293929758, 0.021557963738553877, 0.010952719464527224, 0.0013024648718007305, 0.0014135507948452376 ],
		[ 0.15070785467498168, 0.011519053265125962, 0.31537107575778384, 0.060282264626828, 0.4182980657588926, 0.02498770475445638, 0.00021434654306901318, 0.018619634618862572 ],
		[ 0.008208913013018987, 0.0036411351904390016, 0.04307194567427221, 0.2629464002669179, 0.4279762860077475, 0.21397794983062368, 0.01689320256035005, 0.02328416745663069 ],
		[ 0.0346626364402877, 0.00036007891479172274, 0.10755435667530076, 0.1145989462075178, 0.060644788921275915, 0.6380721996109358, 0.0064123325606106, 0.037694660669279824 ],
		[ 0.006161032865855683, 0.0003400103646969735, 0.007386680389603758, 0.04732090083222827, 0.029675850980014244, 0.055912875047537405, 0.6004943235640378, 0.2527083259560259 ],
		[ 0.000352596756830012, 0.008215180292113601, 0.006290076996679343, 0.1011320306478536, 0.010024813321009327, 0.049414651782255556, 0.2693912338295348, 0.5551794163737233 ]
	],
"modelUserData_2": [
		[ 0.6278411805498769, 0.329342780037843, 0.014651661483669445, 0.0018307104004605685, 0.016860813956940005, 0.001247414643464888, 0.0012483056977833193, 0.006977133229961845 ],
		[ 0.21460877570138115, 0.44556025790711434, 0.04756548778730128, 0.19994922596529696, 0.07003741579500412, 0.00921966742231551, 0.0012517284441533204, 0.011807440977433295 ],
		[ 0.07545868196245824, 0.14142057455529633, 0.5166297836077031, 0.23107328330368399, 0.03274973083143166, 0.0006043343597375946, 0.0020482360393132564, 1.5375340375916886e-05 ],
		[ 0.07164977589424573, 0.0005435536171738095, 0.3487114773913823, 0.17076076461388254, 0.2762146194683461, 0.072253789021635, 0.053266755327823746, 0.006599264665510758 ],
		[ 0.008074570536807055, 0.01286698660933415, 0.034957387001524586, 0.34622595261516265, 0.29609144427741757, 0.10420558170487416, 0.1770184367654917, 0.020559640489388104 ],
		[ 0.002004232420733475, 0.04496544992929834, 0.01531686640410613, 0.012393805316874302, 0.038611993719159486, 0.05502607289072448, 0.3419968994152029, 0.489684679903901 ],
		[ 8.57487170004732e-05, 0.013262053503995373, 0.013303393046557, 0.022734736943412954, 0.18414843737920242, 0.6019480941197446, 0.0434072642795788, 0.12111027201050834 ],
		[ 0.0002770342174969575, 0.012038343839944645, 0.008863943277756142, 0.015031520841226078, 0.08528554457249862, 0.15549504583750373, 0.37976237403065294, 0.34324619338292084 ]
	],
"modelUserData_3": [
		[ 0.727038431039176, 0.22812752300333497, 0.011809024540683293, 0.018006201331807834, 0.015018820084997924 ],
		[ 0.07711730574118979, 0.008905776329388103, 0.6193116496733423, 0.24225703490270561, 0.052408233353374245 ],
		[ 0.1508937520126749, 0.2189904512222605, 0.20608450267892706, 0.3087015861952578, 0.1153297078908797 ],
		[ 0.03572241796093044, 0.4180334121335366, 0.02580767061540686, 0.03622952429118188, 0.48420697499894416 ],
		[ 0.00922809324602887, 0.12594283731147993, 0.13698715249164045, 0.39480565327904693, 0.33303626367180406 ]
	],
"modelUserData_4": [
		[ 0.5246705439459035, 0.37616757433398174, 0.09108618243281542, 0.008075699287299329 ],
		[ 0.32207463745000786, 0.17411645461091985, 0.00957322375024498, 0.4942356841888273 ],
		[ 0.06958021567974228, 0.07612152512193965, 0.3027093683334692, 0.551588890864849 ],
		[ 0.08367460292434635, 0.37359444593315877, 0.5966312254834705, -0.05390027434097561 ]
	],
"modelUserData_5": [
		[ 0.09531543880662396, 0.7025930968952883, 0.006790237081479449, 0.18533243440752173, 0.008230308509444877, 0.0008925431994895482, 0.0006916680296164369, 0.0001542730705357449 ],
		[ 0.32349634061677973, 0.08239960173638562, 0.046383990642895626, 0.3222974452113306, 0.06206074460039487, 0.003950680658208958, 0.08443484343744057, 0.07497635309656409 ],
		[ 0.4452973574851371, 0.03716158941155852, 0.39292219163510345, 0.08203016401746192, 0.006625899722921248, 0.03027924015781632, 0.00390830694079563, 0.001775250629205769 ],
		[ 0.11270947023600972, 0.031098250365319276, 0.45422358502375254, 0.13375892818598786, 0.1958603405944168, 0.0045268824441786915, 0.018326608054895752, 0.04949593509543933 ],
		[ 0.021272238558088102, 0.03351658524337888, 0.00999347576037825, 0.22629462741013462, 0.4358773870352545, 0.2327570230205947, 0.003952008165405942, 0.036336654806764984 ],
		[ 0.0006448946055480219, 0.029299794622566773, 0.037305596469392896, 0.023237413902886004, 0.14463831526503013, 0.4753234033990415, 0.15786494546071084, 0.13168563627482371 ],
		[ 0.001016125539935724, 0.011110653921665995, 0.02798482798206086, 0.013948167748554011, 0.05648959615625779, 0.16633347406549925, 0.10437774541786175, 0.6187394091681647 ],
		[ 0.0002481341518776913, 0.07282042780383671, 0.02439609540493693, 0.013100819116123173, 0.09021740811627973, 0.08593675305517118, 0.6264438744932732, 0.08683648785850162 ]
	],
"modelUserData_6": [
		[ 0.6173977557350454, 0.05480799999800283, 0.2906012979088945, 0.03152978114434589, 0.005663165213711366 ],
		[ 0.19478546527733334, 0.07540133338586208, 0.5723619189528447, 0.006465722469805656, 0.15098555991415424 ],
		[ 0.0859459556926556, 0.40918676373573676, 0.0658834531355886, 0.4211888896855275, 0.01779493775049157 ],
		[ 0.0997576861042647, 0.2245145903301829, 0.020296032643069107, 0.10975727275850897, 0.5456744181639742 ],
		[ 0.002113137190700942, 0.23608931255021548, 0.050857297359603024, 0.4310583339418119, 0.27988191895766856 ]
	],
"modelUserData_7": [
		[ 0.37966146421189384, 0.2239834016004961, 0.3399028891073386, 0.04988107154630226, 0.006571173533969153 ],
		[ 0.39370972542265753, 0.056072303418695735, 0.15276227849105484, 0.23824242749407687, 0.15921326517351497 ],
		[ 0.2016846592084027, 0.583081155192909, 0.18567318382412884, 0.02582232641608298, 0.003738675358476412 ],
		[ 0.02425796117556738, 0.09129293292583658, 0.2878065495827948, 0.4758309503282662, 0.1208116059875351 ],
		[ 0.000686189981478548, 0.04557020686206252, 0.033855098994682975, 0.21022322421527168, 0.7096652799465044 ]
	],