{
"user": "user_1",
"modelUserData_0": [
		[ 0.3472242657575092, 0.40639554272877854, 0.05617215355786404, 0.19020803795584823 ],
		[ 0.19628289863423545, 0.19558044361117435, 0.04942510716377954, 0.5587115505908107 ],
		[ 0.152977959630451, 0.2915220970505832, 0.41095394769855403, 0.14454599562041176 ],
		[ 0.30351487597780435, 0.10650191660946395, 0.4834487915798023, 0.10653441583292939 ]
	],
"modelUserData_1": [
		[ 0.8458474110235777, 0.06139961626509968, 0.009474514821753679, 0.08327845788956889 ],
		[ 0.0459412408230278, 0.9334835580716725, 0.02016079707042151, 0.0004144040348782463 ],
		[ 0.017418456703532585, 0.0016820128521103065, 0.0009228088989728837, 0.9799767215453842 ],
		[ 0.09079289144986186, 0.003434812811117491, 0.9694418792088519, -0.06366958346983131 ]
	],
"modelUserData_2": [
		[ 0.8597031410402407, 0.01996517146652946, 0.06756600325255888, 0.05276568424067096 ],
		[ 0.0906817484397151, 0.20608224920729434, 0.49789659706606343, 0.20533940528692712 ],
		[ 0.017527628758040252, 0.5544679022722814, 0.023379159119996242, 0.40462530984968215 ],
		[ 0.03208748176200394, 0.21948467705389485, 0.41115824056138145, 0.3372696006227198 ]
	],
"activityUserData_0": [
		[ 0.8586548247401643, 0.03393586604694498, 0.0650271627682398, 0.04238214644465091 ],
		[ 0.08515918367419269, 0.21395457477502516, 0.5002333245233943, 0.20065291702738786 ],
		[ 0.019240324649414626, 0.5719331328478647, 0.017268741753787134, 0.39155780074893354 ],
		[ 0.03694566693622839, 0.18017642633016506, 0.41747077095457874, 0.3654071357790277 ]
	],
"activityUserData_1": [
		[ 0.8569817733119548, 0.02692248700111777, 0.05241788812042391, 0.06367785156650352 ],
		[ 0.09509357944743714, 0.20431080389012762, 0.5155203362677995, 0.18507528039463572 ],
		[ 0.02189282444946411, 0.560747070978981, 0.030377768134166316, 0.3869823364373886 ],
		[ 0.026031822791143952, 0.20801963812977364, 0.4016840074776103, 0.36426453160147215 ]
	],
"activityUserData_2": [
		[ 0.8578764620108369, 0.01263765070594102, 0.06490441852129862, 0.06458146876192346 ],
		[ 0.10181697355832305, 0.19237419151967997, 0.5023694520731052, 0.20343938284889174 ],
		[ 0.039957248018676304, 0.5639559117870659, 0.03137978892402198, 0.3647070512702358 ],
		[ 0.0003493164121637568, 0.2310322459873131, 0.4013463404815742, 0.367272097118949 ]
	]
}