{
"user": "user_3",
"modelUserData_0": [
		[ 0.7549083201094587, 0.21297394874014475, 0.02483012989199691, 0.0072876012583996015 ],
		[ 0.07907610206591979, 0.17538687043147877, 0.32081578584070053, 0.4247212416619009 ],
		[ 0.02473339943204923, 0.18983127558966903, 0.2258166355677436, 0.5596186894105382 ],
		[ 0.14128217839257223, 0.4218079052387075, 0.428537448699559, 0.008372467669161443 ]
	],
"modelUserData_1": [
		[ 0.374897227739066, 0.23918700617126362, 0.08667144811177627, 0.2992443179778941 ],
		[ 0.5127226453432583, 0.4363382041042168, 0.03965527495978746, 0.011283875592737441 ],
		[ 0.00890937511962939, 0.02686114536276143, 0.8668134433633844, 0.09741603615422478 ],
		[ 0.10347075179804635, 0.29761364436175813, 0.0068598335650518205, 0.5920557702751437 ]
	],
"modelUserData_2": [
		[ 0.34401157735636634, 0.4266391050107822, 0.12431359460748984, 0.1050357230253616 ],
		[ 0.5492690637353995, 0.05409449531997078, 0.01594150873763894, 0.38069493220699074 ],
		[ 0.01741548737975175, 0.4980850793382385, 0.04587040051354171, 0.4386290327684681 ],
		[ 0.08930387152848239, 0.021181320331008446, 0.8138744961413296, 0.07564031199917953 ]
	],
"activityUserData_0": [
		[ 0.3533061993307136, 0.4347263639696525, 0.11990712659082975, 0.09206031010880417 ],
		[ 0.5383542745869488, 0.054887303632180515, 0.015670234768507513, 0.39108818701236314 ],
		[ 0.0020514676160683053, 0.4925695255171691, 0.041459687043328905, 0.4639193198234336 ],
		[ 0.10628805846626924, 0.017816806880997904, 0.8229629515973338, 0.05293218305539904 ]
	],
"activityUserData_1": [
		[ 0.3615500322660943, 0.42799498450740386, 0.12001297059179537, 0.09044201263470648 ],
		[ 0.5448712838212112, 0.062456199705887526, 9.306425154005302e-05, 0.39257945222136126 ],
		[ 0.0013946163510912997, 0.4933634622689241, 0.048460217399839245, 0.45678170398014534 ],
		[ 0.09218406756160323, 0.01618535351778455, 0.8314337477568252, 0.06019683116378688 ]
	],
"activityUserData_2": [
		[ 0.35160044186571193, 0.43864483166463764, 0.12254707133966794, 0.08720765512998249 ],
		[ 0.5406104552993054, 0.061464879857677374, 0.02384982236738803, 0.3740748424756292 ],
		[ 0.015563369471471723, 0.49962436872818333, 0.046412747633556906, 0.438399514166788 ],
		[ 0.09222573336351095, 0.0002659197495016863, 0.8071903586593872, 0.10031798822760019 ]
	]
}