{
"user": "user_4",
"modelUserData_0": [
		[ 0.3095586179755353, 0.2409479419290955, 0.08464930402717598, 0.3648441360681932 ],
		[ 0.49886774274334184, 0.4034276490715535, 0.08204903961175163, 0.015655568573353 ],
		[ 0.1493826850275279, 0.23912566750881026, 0.3234338546232238, 0.288057792840438 ],
		[ 0.04219095425359495, 0.11649874149054074, 0.5098678017378486, 0.33144250251801577 ]
	],
"modelUserData_1": [
		[ 0.7927382031301619, 0.15375737285899882, 0.043755960878219965, 0.009748463132619359 ],
		[ 0.1826028137843177, 0.5449931994718541, 0.21824869502689015, 0.054155291716938114 ],
		[ 0.006239374825380024, 0.016189412355850252, 0.493411938797368, 0.4841592740214017 ],
		[ 0.018419608260140424, 0.28506001531329683, 0.24458340529752187, 0.45193697112904085 ]
	],
"modelUserData_2": [
		[ 0.33552818051670663, 0.16610131905538394, 0.39322075123780886, 0.10514974919010056 ],
		[ 0.13390395125797044, 0.3511415740164351, 0.14851230074243116, 0.36644217398316326 ],
		[ 0.44391911287403707, 0.13509371948347723, 0.019318229453124388, 0.4016689381893613 ],
		[ 0.08664875535128591, 0.3476633874447037, 0.4389487185666356, 0.1267391386373749 ]
	],
"activityUserData_0": [
		[ 0.3141759715281833, 0.17275974544039868, 0.38478234001468664, 0.1282819430167314 ],
		[ 0.14053430686997365, 0.36263717744989943, 0.14535123448856754, 0.3514772811915594 ],
		[ 0.4532905947473886, 0.1264639456797986, 0.04635382150681651, 0.3738916380659963 ],
		[ 0.0919991268544545, 0.3381391314299034, 0.42351260398992935, 0.14634913772571284 ]
	],
"activityUserData_1": [
		[ 0.34016762464947775, 0.15885634919897004, 0.3975355788808892, 0.10344044727066293 ],
		[ 0.13548259028188112, 0.34236720942794285, 0.1599989181471595, 0.3621512821430165 ],
		[ 0.4341535416111772, 0.13217746162537092, 0.01988155107696372, 0.4137874456864881 ],
		[ 0.09019624345746385, 0.36659897974771616, 0.4225839518949876, 0.12062082489983245 ]
	],
"activityUserData_2": [
		[ 0.33810410601115354, 0.15166706183212206, 0.411270300401255, 0.09895853175546931 ],
		[ 0.13527685715330964, 0.35855689298307475, 0.14309069685347306, 0.3630755530101426 ],
		[ 0.45196277996567397, 0.13628177773831449, 0.005379340447893529, 0.40637610184811795 ],
		[ 0.07465625686986282, 0.3534942674464887, 0.4402596622973784, 0.13158981338627013 ]
	]
}