{
"user": "user_0",
"modelUserData_0": [
		[ 0.7804810133615782, 0.2070135219222383, 0.0044601659484545175, 0.008045298767729032 ],
		[ 0.08535012017922314, 0.039676638870550646, 0.34130408418746705, 0.5336691567627592 ],
		[ 0.08233686922828141, 0.7448531237399155, 0.06965512598624017, 0.10315488104556288 ],
		[ 0.05183199723091729, 0.00845671546729554, 0.5845806238778383, 0.3551306634239489 ]
	],
"modelUserData_1": [
		[ 0.8354186005645862, 0.09878716724059461, 0.02283813121332118, 0.04295610098149805 ],
		[ 0.018449082651608058, 0.1519318108924801, 0.4732901697679259, 0.356328936687986 ],
		[ 0.09791096788142954, 0.005190679508684218, 0.1525756882212293, 0.7443226643886569 ],
		[ 0.04822134890237624, 0.744090342358241, 0.35129601079752354, -0.143607702058141 ]
	],
"modelUserData_2": [
		[ 0.7282398536592901, 0.12341898461130732, 0.10268503122936982, 0.04565613050003274 ],
		[ 0.15274293353664534, 0.6919688933757266, 0.13426310696464838, 0.021025066122979608 ],
		[ 0.09183431644578326, 0.12483906259464872, 0.7439328406055241, 0.03939378035404395 ],
		[ 0.02718289635828129, 0.05977305941831734, 0.01911902120045772, 0.8939250230229437 ]
	],
"activityUserData_0": [
		[ 0.7247623907928613, 0.1371219734976072, 0.11277569628486415, 0.02533993942466732 ],
		[ 0.15354562636870553, 0.6985894715262397, 0.1323004249855807, 0.015564477119474063 ],
		[ 0.10304857840796551, 0.12514823077409284, 0.7454785181308046, 0.026324672687137007 ],
		[ 0.01864340443046765, 0.03914032420206018, 0.009445360598750563, 0.9327709107687217 ]
	],
"activityUserData_1": [
		[ 0.7366738220299178, 0.11148640563467341, 0.08723648903441154, 0.06460328330099722 ],
		[ 0.14292167158186558, 0.6987211014821605, 0.1398644316284481, 0.018492795307525872 ],
		[ 0.07143284051549634, 0.12366986418438437, 0.7511262879577156, 0.05377100734240359 ],
		[ 0.048971665872720255, 0.06612262869878176, 0.021772791379424783, 0.8631329140490733 ]
	],
"activityUserData_2": [
		[ 0.7160447112347653, 0.11967191082651113, 0.09683722256457153, 0.06744615537415202 ],
		[ 0.14479516555677482, 0.6938875736208279, 0.13704793244278188, 0.0242693283796154 ],
		[ 0.07323974531950965, 0.12346146129446255, 0.7489026944608058, 0.054396098925222014 ],
		[ 0.06592037788895021, 0.0629790542581984, 0.017212150531840775, 0.8538884173210106 ]
	]
}