{
"user": "user_4",
"modelUserData_0": [
		[ 0.02825557818876656, 0.9105920262690216, 0.048839319104982265, 0.012313076437229592 ],
		[ 0.05520064273429373, 0.020683930861625174, 0.024165057493103808, 0.8999503689109773 ],
		[ 0.056510489245118534, 0.04302198758079722, 0.34071514527606594, 0.5597523778980183 ],
		[ 0.8600332898318213, 0.02570205528855602, 0.5862804781258479, -0.47201582324622526 ]
	],
"modelUserData_1": [
		[ 0.1983499030170548, 0.5065092631379439, 0.22257747876792877, 0.07256335507707257 ],
		[ 0.5878332021338667, 0.01035661342276721, 0.049043518524177376, 0.3527666659191887 ],
		[ 0.03089421003309615, 0.3737485030785558, 0.4044463006909179, 0.1909109861974302 ],
		[ 0.18292268481598237, 0.10938562036073313, 0.3239327020169759, 0.38375899280630854 ]
	],
"modelUserData_2": [
		[ 0.07570869140855052, 0.5631261426829735, 0.02633815352894993, 0.3348270123795261 ],
		[ 0.21237204987108524, 0.2550432920361447, 0.19585673161137965, 0.3367279264813904 ],
		[ 0.5990979264223034, 0.057694883605226774, 0.1572169623332097, 0.1859902276392601 ],
		[ 0.1128213322980608, 0.1241356816756551, 0.6205881525264607, 0.14245483349982346 ]
	],
"activityUserData_0": [
		[ 0.07177610415687398, 0.5523518200825557, 0.024245041177183707, 0.3516270345833866 ],
		[ 0.20288125445429767, 0.2525088685309613, 0.20105501270725815, 0.34355486430748283 ],
		[ 0.6115123928876941, 0.04816399986747391, 0.16059528258727784, 0.17972832465755417 ],
		[ 0.11383024850113432, 0.14697531151900914, 0.6141046635282803, 0.12508977645157637 ]
	],
"activityUserData_1": [
		[ 0.06463797133779077, 0.56839101685664, 0.02940492511672159, 0.33756608668884763 ],
		[ 0.22358610009303767, 0.2365121833353049, 0.1971362724660103, 0.34276544410564713 ],
		[ 0.6096031086909655, 0.05621478691603937, 0.1421363599406237, 0.19204574445237146 ],
		[ 0.10217281987820603, 0.13888201289201577, 0.6313224424766445, 0.12762272475313372 ]
	],
"activityUserData_2": [
		[ 0.06798629650421732, 0.5581422029787491, 0.031171800974982785, 0.3426996995420509 ],
		[ 0.2204748119400104, 0.26386335624885987, 0.2002492210189568, 0.31541261079217287 ],
		[ 0.5910453156174954, 0.05971086663892206, 0.14156728345778452, 0.20767653428579802 ],
		[ 0.12049357593827692, 0.11828357413346902, 0.627011694548276, 0.1342111553799783 ]
	]
}