{
"user": "user_2",
"modelUserData_0": [
		[ 0.9303570309188441, 0.024629871568780697, 0.013997681187990404, 0.004422626608516697, 0.013785801370544899, 0.011624317432144706, 2.390257442738907e-05, 0.0011587683387510607 ],
		[ 0.0010300179053140473, 0.33251358600637826, 0.5392721516121792, 0.10490342309677717, 0.005987470761290039, 0.010114910159413636, 0.0024619965102656745, 0.0037164439483819006 ],
		[ 0.037918936541409716, 0.24707934736295292, 0.263824479493214, 0.22598117878197832, 0.14427554071748003, 0.05278946519449015, 0.007338600416009974, 0.020792451492464847 ],
		[ 0.024185578597550876, 0.059475025690353595, 0.11892601800739194, 0.5740596931898104, 0.029754579429119566, 0.16182594227492547, 0.01709484496682298, 0.014678317844025207 ],
		[ 0.005982183055149844, 0.10426876626391028, 0.03721824764838806, 0.024763582206930815, 0.759872037490928, 0.06607578624732696, 0.0011799344523468224, 0.0006394626350191258 ],
		[ 2.017777773270173e-05, 0.0343352193362628, 0.02333223514530867, 0.05598967579791388, 0.03883144043064902, 0.5100337463736438, 0.033287098258810884, 0.30417040687967817 ],
		[ 0.00014558641510725942, 0.11255491432079338, 0.0028432223158132183, 0.0014955175021902289, 0.007350473642005915, 0.12003583130322816, 0.2535115676158298, 0.502062886885032 ],
		[ 0.00036048878889140745, 0.08514326945056809, 0.0005859645897144665, 0.008384302815882524, 0.00014265615798258503, 0.0675000010148271, 0.6851020552054863, 0.15278126197664765 ]
	],
"modelUserData_1": [
		[ 0.09037211833559211, 0.16361005269689455, 0.40188751405695927, 0.34413031491055407 ],
		[ 0.01860414587160106, 0.7965265792782227, 0.1291668308736587, 0.055702443976517524 ],
		[ 0.12917933721494396, 0.013099503115279968, 0.37095196236027184, 0.4867691973095043 ],
		[ 0.7618443985778629, 0.026763864909602805, 0.09799369270911013, 0.11339804380342411 ]
	],
"modelUserData_2": [
		[ 0.30118804600501203, 0.438837573234712, 0.18287633982485743, 0.02833388182260482, 0.04377338378167431, 0.003712562146924769, 0.0011339640885064083, 0.00014424909570821907 ],
		[ 0.16088919726795442, 0.4424337316600781, 0.31718489772956326, 0.05713083034887257, 0.006119078361844821, 0.010695439132063521, 0.00181471436309922, 0.003732111136524027 ],
		[ 0.5132069917811566, 0.01849117035909777, 0.44884610454222884, 0.009666511181167528, 0.0008111634963545705, 0.003497012333753322, 0.003742857519841926, 0.001738188786399474 ],
		[ 0.005262706394428304, 0.0026598095929550314, 0.04203990620991453, 0.39035381656417467, 0.10419478579075053, 0.1835241532797084, 0.004116588750257523, 0.26784823341781117 ],
		[ 0.014986266864977732, 0.09684128271423474, 0.004445162623713481, 0.06449988130682889, 0.20797932094809063, 0.1335278872372559, 0.03186336942780893, 0.44585682887708966 ],
		[ 0.001320358697788433, 0.0005218155751519536, 0.0009261113215094929, 0.21318545180320986, 0.2467137117730268, 0.381959516654412, 0.001529278986919848, 0.15384375518798143 ],
		[ 0.0008510876385469283, 7.586664829175448e-05, 0.00022118512970600073, 0.1213927676710259, 0.19717394823707113, 0.03207037720988688, 0.0047140425062749255, 0.6435007249591964 ],
		[ 0.002295345350135508, 0.00013875021547858835, 0.0034602926185069846, 0.1154368593021158, 0.19323460761118716, 0.25101305200599533, 0.9510851843572911, -0.5166640914607104 ]
	],
"modelUserData_3": [
		[ 0.13001657326862037, 0.4384475071093476, 0.286111966165203, 0.04874465048487514, 0.09667930297195387 ],
		[ 0.46027131888482314, 0.3312125203852615, 0.09510116234463699, 0.0736518557421835, 0.039763142643094926 ],
		[ 0.015845320932566805, 0.1428306326775843, 0.20599503839247177, 0.0973316249261149, 0.5379973830712621 ],
		[ 0.04575369193466571, 0.009471245694151347, 0.017066921823680838, 0.06257095494271282, 0.8651371856047892 ],
		[ 0.34811309497932397, 0.07803809413365519, 0.39572491127400744, 0.7177009139041136, -0.5395770142911002 ]
	],
"modelUserData_4": [
		[ 0.22373632018904666, 0.5973906823745304, 0.16269201879950454, 0.006176112416928487, 0.010004866219989906 ],
		[ 0.09007336292147633, 0.07201504292907582, 0.564643495516874, 0.24567977821532522, 0.027588320417248735 ],
		[ 0.12555122666598764, 0.007513904463288176, 0.047217575867230625, 0.4268268297880209, 0.3928904632154727 ],
		[ 0.499968977729756, 0.049311345536051425, 0.19647893290823265, 0.09119605418931785, 0.16304468963664204 ],
		[ 0.06067011249373333, 0.27376902469705416, 0.028967976908158166, 0.23012122539040758, 0.4064716605106467 ]
	],
"modelUserData_5": [
		[ 0.17539638366175203, 0.6287089279165776, 0.03730819417120804, 0.0007644027140266889, 0.15782209153643562 ],
		[ 0.5760962685028963, 0.32056764799913573, 0.0016896180442358567, 0.09825106299165755, 0.003395402462074565 ],
		[ 0.186141676772646, 0.04660578977713848, 0.07373449007773603, 0.47555360553082093, 0.21796443784165853 ],
		[ 0.03025137845348233, 0.002241008643417053, 0.5931692581090241, 0.31154180790659464, 0.06279654688748187 ],
		[ 0.03211429260922333, 0.0018766256637311168, 0.294098439597796, 0.11388912085690023, 0.5580215212723494 ]
	],
"modelUserData_6": [
		[ 0.0040899063494752586, 0.39774512302135023, 0.5515095191857371, 0.04665545144343741 ],
		[ 0.9623862553457254, 0.0025793332670075372, 0.0276939026690845, 0.007340508718182547 ],
		[ 0.02477604293676689, 0.5983647860782453, 0.2703275176702191, 0.10653165331476866 ],
		[ 0.008747795368032434, 0.0013107576333969417, 0.15046906047495928, 0.8394723865236113 ]
	],
"modelUserData_7": [
		[ 0.4016414999637252, 0.04922534320363872, 0.0140368575806753, 0.3790862919240636, 0.07176393730175533, 0.0772679670586366, 0.006978102967505229 ],
		[ 0.1752451481384121, 0.6489835618101271, 0.03596590603848339, 0.13117916685456646, 0.005046303710070743, 0.0009082796319425179, 0.002671633816397765 ],
		[ 0.20586603548917598, 0.08646213682850011, 0.4082181654784446, 0.06820610961909754, 0.031224600023263466, 0.1506078848099495, 0.04941506775156887 ],
		[ 0.05862897100834043, 0.02292051887842408, 0.21272084466848346, 0.11481101793716415, 0.006484139771712445, 0.10850837595231136, 0.475926131783564 ],
		[ 0.040926460764075134, 0.019809007050102377, 0.3037107767381903, 0.08004565827716632, 0.14628519997585013, 0.27054248782915685, 0.13868040936545895 ],
		[ 0.013825518177391064, 0.12503639102924236, 0.012498564917688623, 0.14728440277817684, 0.12255354460187873, 0.019985867856342526, 0.5588157106392798 ],
		[ 0.1038663664588801, 0.047563041199965295, 0.012848884578034361, 0.0793873526097651, 0.6166422746154692, 0.3721791368616607, -0.2324870563237747 ]
	],
"activityUserData_0": [
		[ 0.9311047120123627, 0.024418720783915198, 0.025945713786021944, 0.00820942931408395, 0.018786225416185583, 0.007077815236269278, 0.004324435861395554, -0.019867052410234176 ],
		[ 0.0014702347429310012, 0.3148821958834301, 0.5433454548561983, 0.10508172786669964, 0.016428039717175685, 0.03360896161239836, 0.0051904674516003654, -0.020007082130433375 ],
		[ 0.02568398508999058, 0.24152340639637968, 0.26163634910890154, 0.23856270180318367, 0.14674372525340987, 0.053346200183805786, 0.012280786631157883, 0.020222845533170948 ],
		[ 0.02002335896440976, 0.067912769592671, 0.12990375051025893, 0.5605536911901841, 0.04273867087698953, 0.1473242774603852, 0.022275752930602313, 0.009267728474499207 ],
		[ 0.012448102346163512, 0.10061677893857497, 0.027220745162309046, 0.049520326594044844, 0.76677593959643, 0.06933963682904314, 0.0016198007261508567, -0.02754133019271635 ],
		[ 0.0208223974600134, 0.04435255518448232, 0.019736823629077645, 0.056535733489231965, 0.05262913292577541, 0.5143410999824193, 0.03521130658413864, 0.25637095074486127 ],
		[ 0.009981112138925401, 0.10934260739568948, 0.0005506489903257077, 0.00842925659551111, 0.009961434069469413, 0.12251227248299433, 0.2663971441979892, 0.4728255241290954 ],
		[ -0.02153390275479631, 0.09695096582485722, -0.008339486043093165, -0.026892866852939235, -0.05406316785543545, 0.052449736212684686, 0.6527003056169652, 0.30872841585175703 ]
	],